date,temperature,precipitation,wind_speed
2019-09-08,30.2,0.0,9.7
2019-09-09,30.5,0.0,15.2
2019-09-10,30.3,0.0,19.1
2019-09-11,29.9,0.0,22.0
2019-09-12,28.7,1.8,19.1
2019-09-13,29.0,5.6,21.3
2019-09-14,29.2,0.5,15.4
2019-09-15,29.5,0.5,12.9
2019-09-16,30.0,0.0,13.9
2019-09-17,29.9,0.0,13.6
2019-09-18,29.3,0.0,16.0
2019-09-19,28.4,0.0,24.4
2019-09-20,27.9,0.5,27.1
2019-09-21,28.3,1.3,32.6
2019-09-22,28.4,0.0,28.5
2019-09-23,28.3,0.0,19.4
2019-09-24,27.2,0.0,13.5
2019-09-25,27.1,0.0,11.5
2019-09-26,27.4,0.0,11.0
2019-09-27,28.5,0.0,14.6
2019-09-28,29.3,0.0,15.7
2019-09-29,28.8,0.8,20.3
2019-09-30,29.1,0.0,27.1
2019-10-01,28.5,1.0,25.6
2019-10-02,27.8,0.8,20.9
2019-10-03,27.7,0.5,16.5
2019-10-04,27.5,9.1,11.9
2019-10-05,28.2,0.8,17.4
2019-10-06,27.6,3.3,19.1
2019-10-07,26.3,27.9,9.6
2019-10-08,26.9,10.2,13.3
2019-10-09,27.3,1.0,8.2
2019-10-10,26.9,0.0,10.5
2019-10-11,26.9,22.1,15.9
2019-10-12,27.6,0.0,19.4
2019-10-13,28.0,0.0,16.9
2019-10-14,27.5,0.0,11.8
2019-10-15,27.0,0.0,9.6
2019-10-16,28.6,0.0,9.7
2019-10-17,27.9,0.0,9.8
2019-10-18,28.4,0.0,7.4
2019-10-19,28.9,4.1,16.1
2019-10-20,29.7,0.0,13.0
2019-10-21,29.2,0.0,8.5
2019-10-22,29.0,0.0,8.1
2019-10-23,28.6,0.0,8.5
2019-10-24,29.0,0.0,19.8
2019-10-25,28.9,1.5,22.8
2019-10-26,27.9,9.9,10.8
2019-10-27,28.5,0.0,8.1
2019-10-28,28.8,0.0,9.0
2019-10-29,28.8,0.0,14.0
2019-10-30,28.9,1.0,15.7
2019-10-31,28.7,0.0,9.9
2019-11-01,28.5,0.0,6.5
2019-11-02,28.2,0.0,9.4
2019-11-03,26.2,17.0,12.4
2019-11-04,27.3,1.8,11.2
2019-11-05,27.8,1.0,8.1
2019-11-06,27.2,0.0,14.3
2019-11-07,27.5,0.0,14.2
2019-11-08,27.0,0.0,5.5
2019-11-09,23.2,7.1,17.6
2019-11-10,24.1,1.8,16.2
2019-11-11,25.6,0.0,13.8
2019-11-12,25.6,0.0,7.2
2019-11-13,23.7,44.7,15.5
2019-11-14,24.1,57.2,12.5
2019-11-15,24.6,14.5,8.3
2019-11-16,20.6,0.0,19.1
2019-11-17,15.8,0.0,17.4
2019-11-18,18.0,0.0,11.0
2019-11-19,21.1,0.0,8.1
2019-11-20,19.4,0.0,12.3
2019-11-21,20.9,0.0,11.8
2019-11-22,23.6,0.0,7.9
2019-11-23,23.4,0.0,7.0
2019-11-24,23.9,5.1,11.1
2019-11-25,19.0,0.0,8.7
2019-11-26,20.6,0.0,4.6
2019-11-27,22.3,0.0,4.1
2019-11-28,23.1,0.0,8.2
2019-11-29,22.6,0.0,12.3
2019-11-30,22.4,0.0,5.8
2019-12-01,23.6,0.0,8.4
2019-12-02,23.3,0.8,21.4
2019-12-03,15.1,0.0,13.6
2019-12-04,17.6,0.0,7.3
2019-12-05,16.8,0.0,9.2
2019-12-06,19.6,0.0,6.3
2019-12-07,20.8,0.0,5.0
2019-12-08,22.0,2.1,9.3
2019-12-09,22.9,0.8,8.6
2019-12-10,26.0,0.0,13.6
2019-12-11,25.6,15.7,10.1
2019-12-12,23.9,23.1,12.2
2019-12-13,24.5,2.0,8.4
2019-12-14,24.4,0.0,15.6
2019-12-15,21.5,0.0,10.9
2019-12-16,25.6,0.0,18.8
2019-12-17,26.8,0.0,17.1
2019-12-18,22.8,0.0,13.5
2019-12-19,19.0,6.6,20.1
2019-12-20,22.8,1.0,26.6
2019-12-21,23.7,2.0,26.5
2019-12-22,24.4,6.1,21.4
2019-12-23,22.2,181.1,13.6
2019-12-24,19.3,0.0,20.6
2019-12-25,21.6,0.3,16.1
2019-12-26,24.1,3.0,19.2
2019-12-27,25.3,3.6,19.2
2019-12-28,25.2,1.3,20.8
2019-12-29,25.1,0.5,18.8
2019-12-30,24.9,0.3,9.6
2019-12-31,23.1,0.0,9.2
2020-01-01,20.3,0.0,6.2
2020-01-02,22.8,0.0,9.6
2020-01-03,25.9,0.0,15.4
2020-01-04,25.8,3.3,17.8
2020-01-05,17.8,0.0,21.0
2020-01-06,17.7,0.0,14.1
2020-01-07,20.0,0.0,8.8
2020-01-08,19.7,0.0,14.8
2020-01-09,23.9,0.0,29.3
2020-01-10,25.1,0.0,30.1
2020-01-11,25.9,1.0,25.0
2020-01-12,25.8,0.8,19.9
2020-01-13,25.3,0.3,20.3
2020-01-14,25.3,0.0,16.6
2020-01-15,23.1,0.0,9.2
2020-01-16,22.8,0.0,7.1
2020-01-17,23.2,3.8,19.6
2020-01-18,23.4,0.0,26.1
2020-01-19,23.3,0.0,9.4
2020-01-20,21.3,0.0,13.3
2020-01-21,14.6,0.0,25.3
2020-01-22,10.7,0.5,25.1
2020-01-23,17.5,23.6,10.0
2020-01-24,21.2,5.1,6.7
2020-01-25,20.5,0.0,8.7
2020-01-26,17.2,0.0,10.8
2020-01-27,19.6,0.0,8.3
2020-01-28,20.5,0.0,8.4
2020-01-29,21.6,0.0,11.0
2020-01-30,21.6,0.0,13.0
2020-01-31,21.8,8.1,9.8
2020-02-01,21.0,40.1,15.0
2020-02-02,15.9,0.0,16.7
2020-02-03,16.3,0.0,5.0
2020-02-04,20.2,0.0,9.0
2020-02-05,22.8,0.0,11.6
2020-02-06,26.2,0.0,22.1
2020-02-07,22.0,10.7,17.0
2020-02-08,19.9,0.0,15.9
2020-02-09,23.6,0.0,24.8
2020-02-10,24.8,0.0,21.6
2020-02-11,25.7,0.0,15.9
2020-02-12,25.7,0.0,13.4
2020-02-13,26.6,0.0,16.8
2020-02-14,25.5,0.8,6.8
2020-02-15,22.8,20.1,16.7
2020-02-16,24.3,5.3,14.8
2020-02-17,24.4,0.0,7.4
2020-02-18,25.6,0.0,15.1
2020-02-19,26.4,0.0,12.0
2020-02-20,25.5,1.0,9.7
2020-02-21,21.0,1.0,21.1
2020-02-22,18.3,7.1,21.2
2020-02-23,21.2,0.5,16.3
2020-02-24,23.2,0.0,14.6
2020-02-25,25.2,0.0,14.8
2020-02-26,26.3,1.0,17.9
2020-02-27,18.2,0.0,19.2
2020-02-28,14.7,0.0,18.9
2020-02-29,15.8,0.0,13.4
2020-03-01,17.9,0.0,14.2
2020-03-02,22.4,0.0,18.4
2020-03-03,24.0,0.0,13.6
2020-03-04,24.9,0.0,11.7
2020-03-05,27.7,0.0,14.1
2020-03-06,25.3,1.5,17.4
2020-03-07,19.7,0.0,24.2
2020-03-08,21.4,0.0,29.6
2020-03-09,23.0,0.8,30.7
2020-03-10,24.0,1.0,21.0
2020-03-11,23.6,0.3,14.9
2020-03-12,23.6,1.5,10.4
2020-03-13,24.0,0.0,10.7
2020-03-14,25.4,0.0,15.4
2020-03-15,25.2,0.0,11.8
2020-03-16,24.6,0.0,12.3
2020-03-17,25.4,0.0,15.8
2020-03-18,25.1,0.0,15.3
2020-03-19,25.8,0.0,19.7
2020-03-20,26.0,0.0,19.3
2020-03-21,25.8,0.0,14.0
2020-03-22,25.3,0.0,12.1
2020-03-23,25.5,0.0,11.7
2020-03-24,25.9,0.0,9.4
2020-03-25,26.6,0.0,11.9
2020-03-26,25.8,0.0,11.4
2020-03-27,26.0,0.0,8.9
2020-03-28,25.2,0.0,13.3
2020-03-29,26.7,0.0,13.6
2020-03-30,26.8,0.0,9.1
2020-03-31,27.8,0.0,15.5
2020-04-01,26.0,1.3,18.0
2020-04-02,23.1,0.0,11.7
2020-04-03,24.1,0.0,6.6
2020-04-04,25.3,0.0,8.5
2020-04-05,25.9,1.3,6.9
2020-04-06,25.7,18.3,13.3
2020-04-07,26.8,0.0,14.7
2020-04-08,28.0,0.0,10.6
2020-04-09,28.5,0.0,17.0
2020-04-10,29.0,0.0,18.1
2020-04-11,26.9,4.8,17.3
2020-04-12,27.8,0.0,21.9
2020-04-13,29.5,0.0,20.5
2020-04-14,29.5,0.0,14.5
2020-04-15,30.2,0.0,16.4
2020-04-16,28.4,3.0,13.8
2020-04-17,28.3,0.3,19.4
2020-04-18,28.1,27.7,9.5
2020-04-19,28.6,0.0,11.4
2020-04-20,30.6,0.0,22.9
2020-04-21,29.0,0.0,15.0
2020-04-22,26.6,0.0,14.2
2020-04-23,28.6,0.0,21.0
2020-04-24,29.5,5.1,22.2
2020-04-25,28.6,0.3,13.7
2020-04-26,25.3,17.0,9.2
2020-04-27,25.0,0.0,13.5
2020-04-28,24.5,0.0,15.5
2020-04-29,27.0,0.0,18.7
2020-04-30,26.0,19.0,13.5
2020-05-01,23.8,0.0,12.3
2020-05-02,24.7,0.0,11.2
2020-05-03,25.0,0.0,8.7
2020-05-04,26.0,0.0,8.2
2020-05-05,26.9,0.0,9.1
2020-05-06,27.7,0.0,10.8
2020-05-07,25.6,0.0,18.5
2020-05-08,24.3,0.0,11.6
2020-05-09,25.4,0.0,14.8
2020-05-10,24.3,5.8,11.1
2020-05-11,25.5,0.3,19.0
2020-05-12,26.4,0.0,22.0
2020-05-13,26.4,0.0,27.5
2020-05-14,26.1,0.3,30.3
2020-05-15,24.7,77.2,18.2
2020-05-16,26.5,33.5,14.7
2020-05-17,27.2,2.5,10.2
2020-05-18,26.0,84.1,9.0
2020-05-19,26.6,7.4,14.2
2020-05-20,27.0,1.5,8.7
2020-05-21,27.4,3.8,8.1
2020-05-22,27.7,5.1,15.3
2020-05-23,27.9,1.3,18.3
2020-05-24,25.2,52.1,15.9
2020-05-25,24.9,102.4,17.1
2020-05-26,25.6,30.5,14.8
2020-05-27,26.6,0.5,8.9
2020-05-28,28.4,0.0,13.0
2020-05-29,28.4,0.0,16.6
2020-05-30,28.7,0.0,14.8
2020-05-31,28.3,0.0,9.3
2020-06-01,28.2,0.0,9.9
2020-06-02,28.2,40.4,14.1
2020-06-03,26.3,19.0,10.1
2020-06-04,26.4,25.1,7.3
2020-06-05,28.3,5.6,13.6
2020-06-06,28.6,0.0,19.5
2020-06-07,29.7,0.0,17.5
2020-06-08,29.2,0.0,10.0
2020-06-09,29.2,0.0,10.0
2020-06-10,29.3,0.5,9.5
2020-06-11,28.2,0.5,14.7
2020-06-12,28.4,7.6,15.2
2020-06-13,28.3,0.0,15.7
2020-06-14,27.8,0.8,10.4
2020-06-15,27.2,33.0,7.0
2020-06-16,26.7,0.0,14.0
2020-06-17,27.8,0.3,11.6
2020-06-18,26.9,14.5,6.3
2020-06-19,27.6,15.7,10.3
2020-06-20,27.4,0.0,7.5
2020-06-21,28.4,0.3,5.2
2020-06-22,29.1,0.0,9.0
2020-06-23,29.8,0.0,8.4
2020-06-24,30.4,0.0,8.1
2020-06-25,30.2,0.0,11.2
2020-06-26,30.1,0.0,16.4
2020-06-27,29.8,0.0,13.8
2020-06-28,29.7,0.0,10.3
2020-06-29,29.8,0.0,7.7
2020-06-30,29.9,0.0,8.0
2020-07-01,30.0,0.3,8.7
2020-07-02,29.1,2.3,7.1
2020-07-03,30.0,0.0,8.6
2020-07-04,29.6,3.6,8.1
2020-07-05,28.4,33.5,6.9
2020-07-06,27.6,4.1,5.9
2020-07-07,29.2,4.3,6.7
2020-07-08,29.7,5.6,6.6
2020-07-09,29.9,0.0,9.8
2020-07-10,29.7,0.3,12.6
2020-07-11,27.8,9.4,10.3
2020-07-12,28.3,0.0,13.3
2020-07-13,28.6,9.4,9.9
2020-07-14,29.3,5.6,8.0
2020-07-15,29.0,0.0,7.1
2020-07-16,28.8,0.0,14.7
2020-07-17,29.1,24.4,13.8
2020-07-18,25.6,21.6,12.9
2020-07-19,28.6,0.0,16.2
2020-07-20,28.5,4.6,15.7
2020-07-21,27.5,14.2,16.8
2020-07-22,25.8,41.4,7.0
2020-07-23,27.0,17.3,12.0
2020-07-24,27.9,11.9,17.4
2020-07-25,28.3,0.3,15.9
2020-07-26,28.0,0.3,11.4
2020-07-27,28.9,0.0,10.0
2020-07-28,28.6,0.0,10.7
2020-07-29,29.3,0.0,11.4
2020-07-30,29.6,0.0,13.9
2020-07-31,30.4,0.0,18.4
2020-08-01,27.8,34.0,19.6
2020-08-02,27.8,6.4,19.9
2020-08-03,28.4,17.8,7.9
2020-08-04,29.0,3.3,8.2
2020-08-05,28.4,6.9,6.1
2020-08-06,28.3,11.2,3.8
2020-08-07,29.7,0.0,8.2
2020-08-08,30.0,0.0,11.5
2020-08-09,30.1,0.0,11.8
2020-08-10,30.4,0.0,10.4
2020-08-11,30.1,0.0,8.0
2020-08-12,29.6,0.0,10.2
2020-08-13,30.6,0.0,12.7
2020-08-14,30.6,0.0,12.9
2020-08-15,29.3,15.7,7.0
2020-08-16,29.7,0.0,7.6
2020-08-17,29.4,13.0,6.1
2020-08-18,29.3,0.5,6.6
2020-08-19,27.9,14.0,5.7
2020-08-20,28.7,0.0,7.6
2020-08-21,29.9,0.0,10.6
2020-08-22,30.2,8.6,15.6
2020-08-23,30.1,2.8,21.4
2020-08-24,30.5,7.1,28.6
2020-08-25,30.7,0.0,22.4
2020-08-26,30.1,0.3,16.5
2020-08-27,30.4,0.0,13.1
2020-08-28,30.8,0.0,10.3
2020-08-29,30.1,2.3,7.1
2020-08-30,29.2,14.7,10.7
2020-08-31,28.6,16.3,7.1
2020-09-01,29.9,0.0,8.9
2020-09-02,30.3,0.0,13.4
2020-09-03,30.6,1.3,14.1
2020-09-04,30.7,0.0,13.2
2020-09-05,29.9,4.3,10.7
2020-09-06,27.7,35.1,12.2
2020-09-07,27.2,10.4,11.0
2020-09-08,27.6,30.2,10.3
2020-09-09,27.4,3.6,5.4
2020-09-10,28.0,0.0,9.7
2020-09-11,28.5,0.0,13.7
2020-09-12,26.0,0.0,20.1
2020-09-13,27.7,0.0,13.2
2020-09-14,28.9,0.0,12.0
2020-09-15,28.9,0.0,10.4
2020-09-16,29.6,0.0,11.9
2020-09-17,29.7,0.0,10.8
2020-09-18,30.0,0.0,11.4
2020-09-19,29.4,0.0,6.3
2020-09-20,28.8,0.0,6.9
2020-09-21,26.8,0.0,20.6
2020-09-22,28.1,0.0,23.2
2020-09-23,27.9,0.0,15.3
2020-09-24,27.3,0.0,14.5
2020-09-25,27.3,0.0,9.1
2020-09-26,27.7,0.0,9.4
2020-09-27,28.2,0.0,6.2
2020-09-28,29.0,0.0,8.4
2020-09-29,29.3,0.0,10.5
2020-09-30,27.9,0.0,8.9
2020-10-01,26.8,0.0,6.9
2020-10-02,25.6,12.2,7.5
2020-10-03,26.1,25.1,8.6
2020-10-04,28.9,0.0,14.4
2020-10-05,29.3,0.0,18.0
2020-10-06,29.6,3.8,19.4
2020-10-07,29.5,3.6,18.3
2020-10-08,28.8,0.0,11.7
2020-10-09,28.2,1.5,15.9
2020-10-10,28.4,12.7,12.0
2020-10-11,29.0,0.0,8.9
2020-10-12,28.4,3.8,4.9
2020-10-13,27.0,0.0,10.0
2020-10-14,27.2,1.0,13.5
2020-10-15,27.5,1.0,10.3
2020-10-16,26.3,10.2,8.0
2020-10-17,27.2,0.0,17.5
2020-10-18,28.4,0.0,21.9
2020-10-19,26.2,10.9,19.2
2020-10-20,26.5,33.3,19.1
2020-10-21,24.5,63.2,18.9
2020-10-22,26.4,24.4,17.4
2020-10-23,27.2,0.8,18.0
2020-10-24,26.8,50.3,12.6
2020-10-25,26.0,86.1,10.9
2020-10-26,27.4,0.0,13.8
2020-10-27,28.5,0.0,16.6
2020-10-28,28.3,2.0,16.4
2020-10-29,28.4,0.5,13.7
2020-10-30,27.4,12.2,5.7
2020-10-31,26.0,30.0,11.2
2020-11-01,27.2,1.3,11.1
2020-11-02,24.9,0.0,23.3
2020-11-03,24.1,0.0,28.2
2020-11-04,25.4,0.0,29.7
2020-11-05,26.4,16.8,27.0
2020-11-06,26.1,4.8,21.2
2020-11-07,25.4,47.8,25.2
2020-11-08,24.8,150.6,32.0
2020-11-09,26.8,1.8,30.8
2020-11-10,27.4,0.0,23.9
2020-11-11,27.3,3.6,24.1
2020-11-12,25.8,22.4,9.7
2020-11-13,25.6,0.0,5.9
2020-11-14,25.8,9.9,8.0
2020-11-15,26.3,0.3,7.3
2020-11-16,25.6,0.0,6.9
2020-11-17,24.6,0.0,18.2
2020-11-18,23.9,0.0,26.5
2020-11-19,24.0,0.0,30.6
2020-11-20,24.3,1.3,26.0
2020-11-21,25.3,0.0,19.9
2020-11-22,23.9,21.3,11.2
2020-11-23,23.6,0.0,14.2
2020-11-24,23.5,0.0,16.3
2020-11-25,25.0,0.0,19.4
2020-11-26,24.7,1.6,11.3
2020-11-27,23.8,0.0,6.6
2020-11-28,23.2,5.9,2.9
2020-11-29,23.4,0.0,6.8
2020-11-30,23.2,0.0,14.7
2020-12-01,16.2,0.0,19.9
2020-12-02,16.4,0.0,14.5
2020-12-03,20.0,0.0,14.2
2020-12-04,22.4,0.0,10.0
2020-12-05,23.5,0.0,5.3
2020-12-06,23.4,0.0,6.9
2020-12-07,21.1,18.5,15.5
2020-12-08,14.3,0.0,17.3
2020-12-09,12.7,0.0,14.7
2020-12-10,15.0,0.0,6.6
2020-12-11,19.3,1.8,10.0
2020-12-12,23.0,1.8,9.8
2020-12-13,23.2,0.0,5.9
2020-12-14,23.3,0.0,7.8
2020-12-15,24.2,0.0,5.3
2020-12-16,24.1,0.0,9.9
2020-12-17,23.2,0.5,14.3
2020-12-18,16.7,0.0,17.4
2020-12-19,18.5,0.0,9.0
2020-12-20,21.8,0.0,7.7
2020-12-21,21.9,0.0,12.5
2020-12-22,19.1,0.0,14.2
2020-12-23,20.6,0.0,12.7
2020-12-24,24.7,1.3,16.4
2020-12-25,13.8,1.0,21.1
2020-12-26,12.0,0.0,11.0
2020-12-27,16.7,4.3,12.2
2020-12-28,20.4,0.0,16.3
2020-12-29,21.4,0.0,20.6
2020-12-30,23.9,0.0,28.8
2020-12-31,24.7,0.0,27.2
2021-01-01,25.2,0.0,22.0
2021-01-02,24.7,0.0,15.8
2021-01-03,23.3,0.0,9.6
2021-01-04,20.4,0.0,11.7
2021-01-05,17.0,0.0,12.5
2021-01-06,16.5,0.0,3.2
2021-01-07,19.2,0.0,8.0
2021-01-08,21.3,0.0,16.6
2021-01-09,15.9,0.0,15.5
2021-01-10,14.4,0.0,7.9
2021-01-11,21.0,0.0,9.9
2021-01-12,21.0,0.0,6.0
2021-01-13,19.0,4.6,10.7
2021-01-14,18.0,6.9,10.0
2021-01-15,20.4,0.0,9.3
2021-01-16,18.8,0.0,18.3
2021-01-17,15.7,0.0,4.1
2021-01-18,17.9,0.0,6.9
2021-01-19,17.5,0.0,10.3
2021-01-20,18.3,0.0,9.1
2021-01-21,18.8,0.0,6.1
2021-01-22,19.7,0.0,7.5
2021-01-23,20.2,0.0,4.2
2021-01-24,21.8,0.0,6.1
2021-01-25,22.4,0.0,10.0
2021-01-26,22.8,0.0,8.1
2021-01-27,23.8,0.0,9.4
2021-01-28,20.9,0.0,19.4
2021-01-29,16.7,0.0,16.1
2021-01-30,18.8,0.0,15.2
2021-01-31,22.8,0.0,15.7
2021-02-01,20.0,2.6,23.7
2021-02-02,13.5,0.0,25.8
2021-02-03,13.2,0.0,14.4
2021-02-04,14.9,0.0,7.3
2021-02-05,19.3,0.0,8.3
2021-02-06,23.0,14.5,11.5
2021-02-07,25.6,0.0,16.7
2021-02-08,24.5,11.4,8.2
2021-02-09,24.2,0.0,8.5
2021-02-10,23.9,0.0,10.8
2021-02-11,24.6,0.0,13.9
2021-02-12,23.9,0.0,9.3
2021-02-13,25.2,0.5,16.8
2021-02-14,26.0,0.0,16.6
2021-02-15,25.9,0.3,15.4
2021-02-16,24.6,19.6,14.3
2021-02-17,24.7,0.0,13.9
2021-02-18,25.8,0.0,17.1
2021-02-19,24.9,10.9,14.5
2021-02-20,19.3,0.0,21.9
2021-02-21,20.8,0.0,26.1
2021-02-22,23.3,0.0,20.2
2021-02-23,23.7,0.5,11.7
2021-02-24,22.5,2.5,7.4
2021-02-25,23.2,0.0,6.9
2021-02-26,24.0,0.0,11.3
2021-02-27,25.2,0.0,19.1
2021-02-28,25.3,0.0,20.4
2021-03-01,25.2,0.0,13.5
2021-03-02,24.6,0.0,7.9
2021-03-03,24.2,1.3,19.2
2021-03-04,18.2,0.0,15.0
2021-03-05,20.2,0.0,12.3
2021-03-06,20.0,25.9,12.4
2021-03-07,19.2,0.0,22.5
2021-03-08,17.7,0.0,20.5
2021-03-09,21.0,0.0,24.3
2021-03-10,21.5,0.5,26.5
2021-03-11,22.2,3.6,23.2
2021-03-12,22.6,0.0,17.5
2021-03-13,22.3,0.0,12.9
2021-03-14,22.6,0.0,9.1
2021-03-15,22.8,0.0,9.3
2021-03-16,23.8,0.0,15.7
2021-03-17,24.5,0.0,14.8
2021-03-18,25.4,0.0,16.7
2021-03-19,24.6,0.0,17.7
2021-03-20,19.6,0.0,16.3
2021-03-21,19.0,0.0,17.5
2021-03-22,18.8,0.0,11.4
2021-03-23,20.6,0.0,8.5
2021-03-24,22.6,0.0,9.9
2021-03-25,25.9,0.0,17.2
2021-03-26,26.0,0.0,17.1
2021-03-27,25.8,0.0,16.9
2021-03-28,26.3,0.0,18.2
2021-03-29,26.0,0.0,9.5
2021-03-30,25.9,0.0,16.9
2021-03-31,26.5,0.0,17.9
2021-04-01,24.7,0.0,9.3
2021-04-02,20.3,0.0,26.0
2021-04-03,20.6,0.0,23.8
2021-04-04,21.5,0.0,19.7
2021-04-05,20.5,0.0,13.2
2021-04-06,20.8,0.0,10.7
2021-04-07,21.3,0.0,9.2
2021-04-08,22.0,0.0,11.3
2021-04-09,23.0,0.0,11.9
2021-04-10,24.8,0.0,18.1
2021-04-11,24.0,29.7,18.5
2021-04-12,23.8,3.8,12.1
2021-04-13,24.6,0.0,8.7
2021-04-14,23.9,0.0,14.8
2021-04-15,24.0,0.0,9.9
2021-04-16,25.4,0.0,11.1
2021-04-17,26.4,0.0,14.5
2021-04-18,26.8,0.0,12.0
2021-04-19,27.9,0.0,19.0
2021-04-20,25.3,9.9,16.2
2021-04-21,26.1,0.8,9.9
2021-04-22,24.9,0.0,14.6
2021-04-23,24.8,0.0,20.4
2021-04-24,26.4,0.0,21.2
2021-04-25,28.3,0.0,16.1
2021-04-26,25.6,1.1,16.9
2021-04-27,25.1,0.0,21.1
2021-04-28,25.3,0.0,16.8
2021-04-29,27.0,0.0,16.8
2021-04-30,26.9,23.6,8.6
2021-05-01,26.9,0.0,11.4
2021-05-02,27.6,0.0,12.1
2021-05-03,28.0,0.0,16.5
2021-05-04,28.2,0.0,15.8
2021-05-05,28.2,0.0,10.1
2021-05-06,27.6,9.1,8.0
2021-05-07,26.0,14.0,13.7
2021-05-08,25.3,0.0,15.8
2021-05-09,26.2,0.0,18.0
2021-05-10,27.4,1.8,14.1
2021-05-11,27.8,0.0,9.8
2021-05-12,28.0,5.2,13.3
2021-05-13,25.9,1.5,10.5
2021-05-14,25.0,3.0,11.6
2021-05-15,25.3,0.0,18.4
2021-05-16,25.1,1.5,18.9
2021-05-17,25.5,0.0,18.6
2021-05-18,25.7,0.5,25.8
2021-05-19,26.4,0.0,29.5
2021-05-20,26.0,0.0,32.3
2021-05-21,25.4,0.0,28.8
2021-05-22,25.3,3.3,25.3
2021-05-23,24.9,0.0,18.3
2021-05-24,24.8,0.0,12.7
2021-05-25,25.8,0.0,16.9
2021-05-26,26.2,0.0,17.7
2021-05-27,25.9,0.0,10.4
2021-05-28,26.2,0.0,12.2
2021-05-29,26.9,0.0,12.5
2021-05-30,26.5,5.9,10.6
2021-05-31,26.3,0.0,15.7
2021-06-01,25.5,5.3,16.1
2021-06-02,25.7,0.0,13.4
2021-06-03,26.3,0.8,15.2
2021-06-04,27.0,2.8,14.1
2021-06-05,27.4,6.6,16.7
2021-06-06,28.3,17.6,22.0
2021-06-07,27.8,0.0,20.9
2021-06-08,27.4,2.1,18.0
2021-06-09,27.6,0.0,16.6
2021-06-10,28.2,0.0,17.0
2021-06-11,28.4,0.0,13.4
2021-06-12,27.6,2.8,9.5
2021-06-13,28.4,6.9,12.4
2021-06-14,25.3,22.9,9.9
2021-06-15,24.3,23.4,11.0
2021-06-16,23.7,14.0,4.8
2021-06-17,25.4,0.0,8.4
2021-06-18,27.1,0.0,13.4
2021-06-19,28.3,0.0,14.3
2021-06-20,27.5,1.8,9.4
2021-06-21,28.2,0.0,10.2
2021-06-22,29.5,0.0,16.5
2021-06-23,26.8,0.0,12.2
2021-06-24,25.8,11.7,9.2
2021-06-25,25.5,5.3,11.2
2021-06-26,27.2,1.0,14.4
2021-06-27,27.9,0.3,17.6
2021-06-28,26.0,3.6,11.2
2021-06-29,25.5,7.1,9.0
2021-06-30,23.6,42.9,6.3
2021-07-01,24.6,9.5,5.7
2021-07-02,25.9,0.5,7.2
2021-07-03,28.4,4.1,11.5
2021-07-04,28.7,0.0,10.3
2021-07-05,27.2,13.5,13.5
2021-07-06,26.7,6.1,17.1
2021-07-07,27.9,3.0,14.1
2021-07-08,27.5,0.0,8.2
2021-07-09,28.0,0.3,10.8
2021-07-10,26.7,0.0,8.6
2021-07-11,27.5,11.7,13.7
2021-07-12,25.6,32.0,13.3
2021-07-13,26.5,7.6,15.0
2021-07-14,26.9,0.0,12.3
2021-07-15,27.8,7.4,16.4
2021-07-16,28.1,0.0,16.2
2021-07-17,27.8,6.9,11.4
2021-07-18,28.8,0.0,14.9
2021-07-19,29.1,0.0,14.8
2021-07-20,27.3,15.2,8.2
2021-07-21,28.0,4.4,7.8
2021-07-22,28.2,1.4,6.0
2021-07-23,28.7,15.7,8.1
2021-07-24,28.6,0.0,12.1
2021-07-25,28.1,4.6,7.7
2021-07-26,28.6,0.0,9.0
2021-07-27,28.5,7.6,7.0
2021-07-28,27.5,17.3,5.2
2021-07-29,27.5,14.0,7.4
2021-07-30,28.4,0.0,6.9
2021-07-31,29.5,0.0,9.7
2021-08-01,29.0,28.4,7.7
2021-08-02,27.6,4.8,4.3
2021-08-03,26.6,24.1,8.5
2021-08-04,25.7,0.0,4.9
2021-08-05,27.5,11.2,6.2
2021-08-06,29.0,2.5,10.1
2021-08-07,28.9,2.3,6.7
2021-08-08,28.1,0.0,8.0
2021-08-09,29.6,0.0,12.8
2021-08-10,29.3,3.6,13.6
2021-08-11,29.1,0.0,14.7
2021-08-12,29.0,16.0,17.1
2021-08-13,28.0,10.4,16.5
2021-08-14,27.9,3.8,19.6
2021-08-15,27.6,0.0,14.7
2021-08-16,29.1,0.0,10.8
2021-08-17,29.4,1.3,13.3
2021-08-18,29.7,0.0,18.0
2021-08-19,29.0,1.0,9.4
2021-08-20,28.9,0.0,5.6
2021-08-21,29.5,0.0,10.7
2021-08-22,30.1,0.0,10.4
2021-08-23,29.8,0.0,10.1
2021-08-24,30.0,0.0,16.8
2021-08-25,28.4,5.9,21.6
2021-08-26,28.2,0.3,17.1
2021-08-27,29.2,1.5,18.4
2021-08-28,29.7,0.0,20.1
2021-08-29,29.1,0.5,11.9
2021-08-30,28.0,8.4,7.4
2021-08-31,27.2,5.3,5.5
2021-09-01,28.1,1.0,6.0
2021-09-02,26.3,4.1,5.1
2021-09-03,26.1,10.7,7.8
2021-09-04,26.5,28.7,5.8
2021-09-05,26.9,0.0,5.9
2021-09-06,27.8,0.0,7.9
2021-09-07,27.4,0.3,5.5
2021-09-08,27.0,0.0,4.7
2021-09-09,27.5,23.1,6.3
2021-09-10,27.8,0.0,7.0
2021-09-11,27.8,0.0,8.4
2021-09-12,28.5,2.0,13.7
2021-09-13,26.2,9.1,9.6
2021-09-14,27.4,10.4,10.0
2021-09-15,26.7,0.0,6.7
2021-09-16,26.4,24.4,6.4
2021-09-17,26.2,0.0,6.5
2021-09-18,26.8,13.5,5.2
2021-09-19,27.5,0.0,5.5
2021-09-20,27.4,0.0,7.1
2021-09-21,25.6,17.3,7.1
2021-09-22,25.2,18.0,7.9
2021-09-23,26.1,20.1,4.8
2021-09-24,26.3,27.2,4.0
2021-09-25,26.7,4.3,6.9
2021-09-26,27.1,0.3,12.5
2021-09-27,26.4,0.0,11.9
2021-09-28,26.5,0.0,11.6
2021-09-29,26.4,0.0,9.7
2021-09-30,26.7,4.1,12.7
2021-10-01,25.1,1.8,8.0
2021-10-02,26.7,0.0,19.8
2021-10-03,27.0,1.0,15.2
2021-10-04,26.4,0.0,10.0
2021-10-05,27.1,0.0,8.6
2021-10-06,27.6,0.0,9.5
2021-10-07,28.7,0.0,14.1
2021-10-08,28.1,22.1,8.2
2021-10-09,24.8,2.5,8.0
2021-10-10,25.5,0.0,8.8
2021-10-11,25.6,0.0,6.2
2021-10-12,26.5,3.3,7.1
2021-10-13,26.4,0.8,7.4
2021-10-14,27.1,0.0,9.8
2021-10-15,26.6,1.8,8.6
2021-10-16,26.8,0.0,8.3
2021-10-17,26.5,0.0,8.6
2021-10-18,25.9,0.0,18.0
2021-10-19,24.9,0.0,17.1
2021-10-20,26.3,0.0,20.4
2021-10-21,26.8,0.0,16.8
2021-10-22,25.0,47.0,8.0
2021-10-23,26.0,0.5,10.4
2021-10-24,26.8,22.1,9.4
2021-10-25,27.4,6.1,11.5
2021-10-26,27.8,0.0,14.3
2021-10-27,26.5,0.0,10.6
2021-10-28,27.1,9.1,11.7
2021-10-29,26.2,1.5,18.3
2021-10-30,24.2,0.3,14.6
2021-10-31,23.7,0.0,6.8
2021-11-01,23.2,2.5,13.4
2021-11-02,23.7,7.1,10.1
2021-11-03,25.0,0.0,9.7
2021-11-04,24.8,2.0,5.9
2021-11-05,23.1,60.7,10.2
2021-11-06,21.6,0.0,17.3
2021-11-07,18.4,0.0,19.9
2021-11-08,20.0,0.0,17.4
2021-11-09,20.9,0.0,12.3
2021-11-10,22.4,2.5,9.4
2021-11-11,25.1,0.0,13.7
2021-11-12,24.8,1.8,4.9
2021-11-13,24.7,0.0,7.9
2021-11-14,20.8,0.0,11.2
2021-11-15,19.5,0.0,14.2
2021-11-16,21.8,0.0,17.0
2021-11-17,24.8,0.0,20.0
2021-11-18,24.7,20.6,14.7
2021-11-19,23.7,20.1,15.3
2021-11-20,24.3,8.9,23.4
2021-11-21,24.3,44.7,14.3
2021-11-22,22.8,1.3,10.7
2021-11-23,18.4,0.0,22.0
2021-11-24,18.7,0.0,16.2
2021-11-25,21.2,0.0,10.8
2021-11-26,21.3,0.0,7.1
2021-11-27,19.3,0.0,9.9
2021-11-28,19.2,0.0,7.4
2021-11-29,18.5,0.0,11.9
2021-11-30,18.8,0.0,6.3
2021-12-01,20.4,0.0,5.3
2021-12-02,20.5,0.0,8.9
2021-12-03,20.0,0.0,7.3
2021-12-04,20.8,0.0,6.0
2021-12-05,22.2,0.5,5.6
2021-12-06,23.5,42.2,6.3
2021-12-07,23.0,0.0,4.9
2021-12-08,23.2,0.0,4.4
2021-12-09,23.6,0.0,3.6
2021-12-10,23.8,0.0,7.4
2021-12-11,23.7,0.0,7.7
2021-12-12,23.9,0.0,8.4
2021-12-13,24.3,0.0,12.1
2021-12-14,23.9,0.0,12.8
2021-12-15,24.2,0.8,17.2
2021-12-16,24.7,0.8,18.9
2021-12-17,24.1,0.0,15.0
2021-12-18,25.0,0.3,14.0
2021-12-19,25.0,8.4,11.6
2021-12-20,23.8,0.0,6.1
2021-12-21,22.8,1.8,16.3
2021-12-22,18.1,0.0,16.6
2021-12-23,16.8,0.0,10.4
2021-12-24,18.8,0.0,8.3
2021-12-25,20.5,0.0,5.7
2021-12-26,21.6,0.0,4.5
2021-12-27,21.9,0.0,5.4
2021-12-28,21.9,0.0,6.6
2021-12-29,22.3,0.0,6.1
2021-12-30,22.9,0.0,7.0
2021-12-31,23.3,0.0,6.0
2022-01-01,23.1,0.0,10.8
2022-01-02,23.8,0.0,11.7
2022-01-03,21.2,0.3,12.9
2022-01-04,20.1,0.0,12.1
2022-01-05,22.0,0.0,8.0
2022-01-06,20.7,0.0,7.6
2022-01-07,23.3,0.0,9.9
2022-01-08,23.8,1.1,21.8
2022-01-09,23.1,2.3,16.4
2022-01-10,23.2,2.0,8.1
2022-01-11,19.9,17.8,15.8
2022-01-12,21.6,0.0,19.2
2022-01-13,20.4,0.0,11.5
2022-01-14,16.9,0.0,11.6
2022-01-15,17.4,0.0,5.4
2022-01-16,20.6,8.9,19.2
2022-01-17,17.6,0.0,16.0
2022-01-18,14.5,0.0,8.6
2022-01-19,17.4,0.0,8.0
2022-01-20,21.0,126.0,7.7
2022-01-21,23.2,6.0,5.1
2022-01-22,21.0,0.3,11.6
2022-01-23,14.4,0.0,18.4
2022-01-24,11.2,0.0,12.1
2022-01-25,16.3,0.0,7.7
2022-01-26,22.9,0.8,12.2
2022-01-27,21.6,0.0,10.0
2022-01-28,19.4,0.0,14.0
2022-01-29,12.9,0.0,30.4
2022-01-30,9.8,0.0,15.8
2022-01-31,13.5,0.0,10.9
2022-02-01,18.6,0.0,17.0
2022-02-02,22.2,0.0,22.2
2022-02-03,23.2,0.0,19.7
2022-02-04,23.6,0.0,14.8
2022-02-05,22.3,0.0,7.5
2022-02-06,22.1,5.4,8.6
2022-02-07,21.9,0.0,7.7
2022-02-08,21.2,8.9,8.7
2022-02-09,17.1,5.1,13.2
2022-02-10,18.8,0.0,11.7
2022-02-11,20.9,0.0,8.2
2022-02-12,22.7,0.0,9.6
2022-02-13,20.4,24.1,11.8
2022-02-14,16.0,0.0,21.2
2022-02-15,19.2,0.0,23.0
2022-02-16,22.4,3.0,24.7
2022-02-17,24.0,0.0,20.9
2022-02-18,25.0,0.0,11.2
2022-02-19,23.6,10.7,10.1
2022-02-20,22.2,0.0,18.0
2022-02-21,22.7,0.0,12.9
2022-02-22,23.9,0.0,19.2
2022-02-23,23.8,0.0,15.1
2022-02-24,23.3,0.0,12.6
2022-02-25,23.8,0.0,13.6
2022-02-26,23.5,0.0,12.9
2022-02-27,23.7,8.2,10.1
2022-02-28,23.5,0.0,10.1
2022-03-01,21.5,0.0,14.7
2022-03-02,21.5,0.0,12.1
2022-03-03,22.4,0.0,12.1
2022-03-04,23.1,0.0,17.9
2022-03-05,24.5,0.0,28.4
2022-03-06,24.8,0.0,26.9
2022-03-07,24.9,0.0,22.6
2022-03-08,25.3,0.0,17.4
2022-03-09,25.8,0.0,15.5
2022-03-10,25.4,13.2,14.0
2022-03-11,25.6,0.0,13.2
2022-03-12,24.2,0.0,26.5
2022-03-13,17.2,0.0,23.2
2022-03-14,21.2,0.0,18.6
2022-03-15,23.2,0.8,19.6
2022-03-16,23.9,9.4,10.9
2022-03-17,24.6,1.8,7.9
2022-03-18,24.6,0.0,10.4
2022-03-19,25.7,0.0,12.3
2022-03-20,25.0,0.0,11.3
2022-03-21,23.7,0.0,22.1
2022-03-22,23.9,0.0,22.0
2022-03-23,26.1,0.0,20.7
2022-03-24,27.2,0.0,19.8
2022-03-25,22.6,2.0,15.0
2022-03-26,20.4,0.0,12.4
2022-03-27,21.1,0.0,18.1
2022-03-28,21.9,0.0,9.6
2022-03-29,23.2,0.0,11.4
2022-03-30,24.7,0.0,23.1
2022-03-31,25.9,0.0,25.7
2022-04-01,27.3,0.0,15.5
2022-04-02,26.9,17.8,13.1
2022-04-03,24.4,1.3,11.5
2022-04-04,25.4,0.0,13.4
2022-04-05,26.6,0.0,17.4
2022-04-06,27.9,0.0,17.6
2022-04-07,28.0,3.6,18.5
2022-04-08,24.2,0.0,18.8
2022-04-09,21.2,0.0,16.9
2022-04-10,19.1,0.0,15.7
2022-04-11,21.9,0.0,16.8
2022-04-12,24.2,0.0,22.6
2022-04-13,25.2,0.0,20.9
2022-04-14,26.2,0.0,18.6
2022-04-15,24.9,3.6,14.4
2022-04-16,25.6,0.0,16.6
2022-04-17,25.9,0.0,16.2
2022-04-18,25.9,0.0,10.4
2022-04-19,25.2,0.0,17.8
2022-04-20,24.7,0.0,23.5
2022-04-21,24.7,0.0,26.2
2022-04-22,25.0,0.0,30.1
2022-04-23,24.3,0.0,24.8
2022-04-24,25.2,0.0,21.3
2022-04-25,25.6,0.0,19.8
2022-04-26,25.6,0.0,15.8
2022-04-27,25.1,0.0,9.6
2022-04-28,24.8,3.8,8.2
2022-04-29,24.0,8.5,9.5
2022-04-30,24.1,9.2,13.8
2022-05-01,25.0,0.0,13.5
2022-05-02,25.5,0.1,14.8
2022-05-03,26.0,3.8,15.7
2022-05-04,25.6,5.8,6.8
2022-05-05,26.1,0.0,7.0
2022-05-06,28.6,0.0,12.0
2022-05-07,28.0,8.8,19.0
2022-05-08,26.7,0.6,12.3
2022-05-09,25.6,0.0,17.8
2022-05-10,24.9,0.0,18.8
2022-05-11,23.2,0.1,18.8
2022-05-12,23.2,2.0,11.9
2022-05-13,24.9,0.0,11.4
2022-05-14,26.2,3.5,9.7
2022-05-15,26.4,1.4,9.3
2022-05-16,25.4,4.1,7.6
2022-05-17,26.2,2.1,9.7
2022-05-18,27.7,0.0,9.0
2022-05-19,28.1,0.0,9.7
2022-05-20,26.4,8.3,16.9
2022-05-21,28.3,0.0,21.2
2022-05-22,28.4,0.0,21.4
2022-05-23,28.0,0.5,19.5
2022-05-24,27.8,0.0,20.4
2022-05-25,28.0,0.0,21.9
2022-05-26,27.7,0.0,16.2
2022-05-27,28.2,2.0,16.8
2022-05-28,27.1,4.8,9.2
2022-05-29,25.0,2.8,10.0
2022-05-30,25.6,0.0,11.7
2022-05-31,26.3,2.9,9.3
2022-06-01,26.0,12.0,7.7
2022-06-02,25.8,4.6,8.5
2022-06-03,23.6,62.3,12.8
2022-06-04,25.4,84.8,19.8
2022-06-05,26.1,0.0,11.4
2022-06-06,27.7,18.0,10.4
2022-06-07,25.8,29.0,10.9
2022-06-08,26.4,7.2,8.5
2022-06-09,25.5,7.1,6.3
2022-06-10,25.9,23.3,10.6
2022-06-11,26.4,0.0,8.2
2022-06-12,27.6,3.1,8.9
2022-06-13,29.0,0.0,8.7
2022-06-14,29.0,1.0,10.0
2022-06-15,28.8,0.9,9.9
2022-06-16,29.0,1.1,11.6
2022-06-17,28.4,2.0,11.8
2022-06-18,28.3,0.0,8.5
2022-06-19,27.5,8.8,7.8
2022-06-20,27.6,9.8,6.2
2022-06-21,27.4,1.0,16.2
2022-06-22,26.8,7.6,14.3
2022-06-23,27.6,0.0,7.8
2022-06-24,29.0,0.0,10.0
2022-06-25,27.4,37.1,8.0
2022-06-26,28.0,0.0,6.5
2022-06-27,28.7,3.1,10.1
2022-06-28,28.5,4.1,11.5
2022-06-29,27.8,4.8,6.0
2022-06-30,28.9,8.7,12.2
2022-07-01,29.2,2.1,15.6
2022-07-02,29.4,3.3,16.1
2022-07-03,29.3,0.0,15.0
2022-07-04,29.3,0.0,14.2
2022-07-05,29.3,4.7,14.4
2022-07-06,28.2,7.1,10.5
2022-07-07,28.8,0.2,10.7
2022-07-08,29.5,0.5,14.8
2022-07-09,29.2,4.9,13.5
2022-07-10,28.9,1.8,7.0
2022-07-11,29.1,0.0,9.5
2022-07-12,29.8,0.0,9.8
2022-07-13,29.6,0.0,10.2
2022-07-14,29.5,0.2,12.2
2022-07-15,27.5,4.7,16.8
2022-07-16,28.0,11.9,13.2
2022-07-17,28.1,11.7,10.2
2022-07-18,29.8,0.0,14.5
2022-07-19,29.5,0.0,10.6
2022-07-20,29.7,0.0,12.2
2022-07-21,29.9,0.0,14.4
2022-07-22,29.2,2.3,15.1
2022-07-23,28.7,2.2,13.8
2022-07-24,29.4,0.8,17.6
2022-07-25,29.1,2.0,19.5
2022-07-26,26.6,14.2,12.7
2022-07-27,28.1,1.5,13.2
2022-07-28,29.0,0.0,12.6
2022-07-29,29.4,0.0,17.7
2022-07-30,29.5,0.0,19.9
2022-07-31,29.6,0.5,18.4
2022-08-01,29.5,3.7,15.0
2022-08-02,29.3,0.0,10.6
2022-08-03,28.4,0.0,12.6
2022-08-04,29.4,0.0,13.7
2022-08-05,29.0,3.4,14.0
2022-08-06,29.6,2.2,20.0
2022-08-07,28.8,5.8,16.6
2022-08-08,28.9,0.1,15.6
2022-08-09,29.4,3.6,18.6
2022-08-10,29.8,0.0,16.6
2022-08-11,29.5,0.0,15.3
2022-08-12,29.2,0.0,12.8
2022-08-13,27.5,10.0,5.4
2022-08-14,25.5,16.5,9.4
2022-08-15,26.4,10.6,7.5
2022-08-16,27.4,4.1,6.2
2022-08-17,29.3,2.4,8.8
2022-08-18,29.0,2.6,9.6
2022-08-19,29.4,0.0,8.2
2022-08-20,30.1,1.5,15.9
2022-08-21,30.0,0.0,15.0
2022-08-22,29.8,0.0,12.9
2022-08-23,29.1,13.5,6.6
2022-08-24,29.5,3.7,9.5
2022-08-25,30.0,0.0,10.4
2022-08-26,29.8,0.0,9.0
2022-08-27,28.8,3.1,6.9
2022-08-28,28.2,5.4,8.9
2022-08-29,27.7,3.0,10.2
2022-08-30,29.7,0.5,12.4
2022-08-31,28.7,2.4,7.9
2022-09-01,27.5,1.0,6.5
2022-09-02,28.4,0.0,9.6
2022-09-03,29.0,0.1,12.1
2022-09-04,29.4,0.0,11.0
2022-09-05,29.5,0.7,10.1
2022-09-06,29.3,3.1,7.2
2022-09-07,28.9,1.2,6.7
2022-09-08,27.6,4.9,7.6
2022-09-09,27.5,6.9,8.2
2022-09-10,29.2,0.0,10.0
2022-09-11,28.5,4.2,9.3
2022-09-12,27.9,0.0,7.3
2022-09-13,27.8,11.8,6.8
2022-09-14,25.5,13.7,5.7
2022-09-15,26.7,6.0,7.2
2022-09-16,26.2,6.5,7.4
2022-09-17,27.2,15.2,11.5
2022-09-18,25.3,6.3,6.8
2022-09-19,26.9,7.4,5.1
2022-09-20,27.6,0.6,7.0
2022-09-21,27.3,14.7,11.1
2022-09-22,27.3,3.0,8.9
2022-09-23,28.6,0.0,7.2
2022-09-24,27.1,8.9,5.9
2022-09-25,28.0,0.8,7.7
2022-09-26,26.7,12.1,8.7
2022-09-27,25.3,50.1,16.8
2022-09-28,27.8,19.8,32.9
2022-09-29,26.6,0.0,26.5
2022-09-30,23.6,0.0,11.8
2022-10-01,25.7,3.2,10.9
2022-10-02,25.8,3.5,11.6
2022-10-03,25.9,0.0,10.7
2022-10-04,25.5,0.0,12.9
2022-10-05,25.1,0.0,12.7
2022-10-06,25.3,0.2,13.0
2022-10-07,25.3,0.0,12.0
2022-10-08,25.5,1.4,17.5
2022-10-09,25.1,9.4,7.2
2022-10-10,26.9,0.0,7.4
2022-10-11,27.8,0.0,12.7
2022-10-12,27.9,8.4,12.5
2022-10-13,25.8,10.2,7.7
2022-10-14,26.4,2.3,7.2
2022-10-15,26.6,10.9,12.8
2022-10-16,27.1,0.0,16.3
2022-10-17,27.1,0.5,11.6
2022-10-18,26.7,0.0,11.6
2022-10-19,19.6,10.9,15.9
2022-10-20,21.1,2.0,13.3
2022-10-21,22.3,0.1,21.0
2022-10-22,23.1,0.0,15.2
2022-10-23,23.7,0.0,12.3
2022-10-24,24.4,0.0,11.0
2022-10-25,24.5,0.0,10.8
2022-10-26,24.1,0.0,4.6
2022-10-27,25.1,0.0,6.4
2022-10-28,25.1,0.0,10.9
2022-10-29,25.9,1.8,16.3
2022-10-30,26.2,0.1,15.1
2022-10-31,26.9,0.4,9.9
2022-11-01,27.4,0.2,9.3
2022-11-02,27.4,0.0,13.0
2022-11-03,27.0,0.0,11.0
2022-11-04,25.1,0.0,16.1
2022-11-05,25.7,0.7,12.4
2022-11-06,25.5,1.6,14.2
2022-11-07,25.7,0.0,20.6
2022-11-08,24.1,3.4,17.7
2022-11-09,23.1,37.4,24.6
2022-11-10,25.1,0.0,23.8
2022-11-11,26.0,0.3,9.5
2022-11-12,25.0,1.7,5.0
2022-11-13,25.0,0.0,4.6
2022-11-14,24.8,0.0,10.0
2022-11-15,25.1,0.0,7.0
2022-11-16,24.9,0.0,3.9
2022-11-17,22.9,0.0,16.6
2022-11-18,21.6,0.0,16.7
2022-11-19,23.0,0.0,15.8
2022-11-20,22.7,25.3,18.0
2022-11-21,24.3,10.6,22.0
2022-11-22,25.0,3.0,7.5
2022-11-23,24.8,2.7,6.0
2022-11-24,25.2,0.0,10.0
2022-11-25,26.8,0.1,8.0
2022-11-26,25.7,0.0,9.3
2022-11-27,26.1,0.0,8.4
2022-11-28,24.7,0.0,7.2
2022-11-29,24.6,0.0,13.9
2022-11-30,25.8,2.2,10.4
2022-12-01,24.3,0.6,17.4
2022-12-02,24.5,0.2,21.1
2022-12-03,24.4,0.0,17.6
2022-12-04,22.2,0.0,8.4
2022-12-05,22.7,0.6,7.7
2022-12-06,23.9,0.0,10.0
2022-12-07,23.3,0.3,11.2
2022-12-08,23.0,0.0,9.4
2022-12-09,22.8,0.0,7.7
2022-12-10,22.4,0.0,8.5
2022-12-11,21.5,0.0,7.2
2022-12-12,20.9,0.0,7.6
2022-12-13,21.4,0.0,5.8
2022-12-14,23.2,0.2,10.6
2022-12-15,25.1,0.0,14.7
2022-12-16,22.5,2.8,8.6
2022-12-17,21.8,11.6,10.2
2022-12-18,22.4,2.6,12.5
2022-12-19,20.7,0.0,15.9
2022-12-20,22.3,25.9,15.9
2022-12-21,23.3,22.0,10.6
2022-12-22,23.5,0.0,8.0
2022-12-23,22.8,0.8,16.8
2022-12-24,9.8,2.6,23.3
2022-12-25,8.1,4.4,21.2
2022-12-26,10.3,13.0,14.9
2022-12-27,16.1,2.1,13.2
2022-12-28,19.1,0.0,15.1
2022-12-29,23.2,0.0,19.8
2022-12-30,24.3,0.0,9.9
2022-12-31,23.5,0.0,7.6
2023-01-01,23.6,0.0,5.3
2023-01-02,23.5,0.0,10.0
2023-01-03,24.7,0.0,15.6
2023-01-04,25.0,0.0,12.3
2023-01-05,23.8,0.0,8.1
2023-01-06,20.8,0.0,14.7
2023-01-07,19.5,0.0,11.7
2023-01-08,21.1,0.0,8.9
2023-01-09,20.9,0.0,9.4
2023-01-10,19.7,0.0,8.6
2023-01-11,17.8,0.0,7.6
2023-01-12,20.2,0.0,6.0
2023-01-13,19.1,2.4,17.4
2023-01-14,11.9,0.0,25.5
2023-01-15,10.5,0.0,11.4
2023-01-16,14.1,0.0,4.8
2023-01-17,17.1,0.0,6.1
2023-01-18,19.5,0.0,6.0
2023-01-19,22.2,0.0,8.0
2023-01-20,22.7,0.0,5.0
2023-01-21,22.8,0.0,6.6
2023-01-22,24.4,0.0,14.7
2023-01-23,23.6,0.0,14.6
2023-01-24,23.0,0.0,18.8
2023-01-25,24.8,1.1,19.3
2023-01-26,22.5,0.0,11.6
2023-01-27,18.5,0.0,17.9
2023-01-28,22.0,0.0,19.9
2023-01-29,24.4,0.0,20.4
2023-01-30,24.3,0.0,9.7
2023-01-31,23.8,0.0,9.8
2023-02-01,23.6,0.0,7.1
2023-02-02,23.4,0.0,8.1
2023-02-03,23.4,0.0,11.8
2023-02-04,20.7,6.5,25.4
2023-02-05,21.9,13.7,11.4
2023-02-06,22.1,0.1,13.7
2023-02-07,22.2,0.0,16.5
2023-02-08,23.4,0.0,16.5
2023-02-09,24.4,0.0,20.1
2023-02-10,24.7,0.0,16.4
2023-02-11,24.6,0.0,12.0
2023-02-12,21.8,0.2,22.2
2023-02-13,17.8,0.0,15.8
2023-02-14,18.8,0.0,11.1
2023-02-15,23.2,0.0,18.0
2023-02-16,24.6,0.0,17.5
2023-02-17,24.1,1.2,11.7
2023-02-18,23.1,0.0,13.5
2023-02-19,24.4,0.0,10.3
2023-02-20,24.5,0.0,8.9
2023-02-21,24.4,0.0,9.6
2023-02-22,24.2,0.0,9.7
2023-02-23,24.7,0.0,10.8
2023-02-24,24.1,0.0,8.7
2023-02-25,23.9,0.0,7.4
2023-02-26,24.1,0.0,8.3
2023-02-27,23.6,0.0,10.4
2023-02-28,24.0,0.0,11.2
2023-03-01,22.9,0.0,7.0
2023-03-02,23.7,0.0,9.9
2023-03-03,25.7,0.0,17.0
2023-03-04,26.4,0.0,13.7
2023-03-05,24.8,0.0,6.4
2023-03-06,25.9,0.0,7.3
2023-03-07,25.4,0.0,9.2
2023-03-08,25.4,0.0,15.1
2023-03-09,23.4,0.0,16.6
2023-03-10,22.6,0.0,10.5
2023-03-11,24.4,0.0,12.9
2023-03-12,24.7,0.0,9.5
2023-03-13,25.7,0.0,16.6
2023-03-14,23.7,0.0,12.2
2023-03-15,20.0,4.1,15.1
2023-03-16,19.8,0.0,15.8
2023-03-17,22.9,0.0,17.6
2023-03-18,23.9,0.0,10.6
2023-03-19,22.0,0.0,12.4
2023-03-20,18.4,12.0,19.8
2023-03-21,20.2,0.0,15.2
2023-03-22,22.4,0.0,14.3
2023-03-23,23.9,0.3,18.0
2023-03-24,23.8,0.0,13.2
2023-03-25,25.7,0.0,14.3
2023-03-26,26.1,0.0,13.8
2023-03-27,25.9,0.1,11.6
2023-03-28,25.8,5.0,9.3
2023-03-29,23.9,22.6,7.9
2023-03-30,23.6,1.3,14.7
2023-03-31,24.6,0.0,23.6
2023-04-01,25.7,3.6,14.2
2023-04-02,25.6,0.0,10.5
2023-04-03,26.4,0.0,11.1
2023-04-04,26.4,0.0,13.1
2023-04-05,26.3,0.0,20.7
2023-04-06,26.3,0.0,21.0
2023-04-07,25.9,0.0,18.1
2023-04-08,26.1,0.7,14.9
2023-04-09,24.5,9.9,11.9
2023-04-10,21.5,101.5,18.6
2023-04-11,22.8,6.7,29.8
2023-04-12,21.8,25.5,20.6
2023-04-13,24.3,5.3,13.4
2023-04-14,25.3,3.8,6.6
2023-04-15,26.6,0.0,9.3
2023-04-16,26.2,18.0,11.5
2023-04-17,23.5,7.2,9.5
2023-04-18,22.9,0.0,16.8
2023-04-19,22.8,0.0,14.5
2023-04-20,24.9,2.8,18.0
2023-04-21,24.0,0.8,9.5
2023-04-22,25.3,0.8,8.4
2023-04-23,25.5,0.0,10.3
2023-04-24,24.7,3.7,12.0
2023-04-25,25.5,12.0,13.8
2023-04-26,24.8,17.1,9.5
2023-04-27,25.9,0.0,12.8
2023-04-28,27.2,0.6,9.7
2023-04-29,28.5,0.0,13.6
2023-04-30,26.3,1.8,25.2
2023-05-01,24.3,0.0,15.4
2023-05-02,25.4,0.0,13.3
2023-05-03,25.5,0.0,11.7
2023-05-04,24.9,0.0,9.6
2023-05-05,25.4,0.0,9.4
2023-05-06,25.9,7.3,14.9
2023-05-07,25.2,1.8,22.4
2023-05-08,24.9,0.0,13.9
2023-05-09,25.9,0.0,9.4
2023-05-10,27.0,0.0,8.6
2023-05-11,26.8,0.0,14.8
2023-05-12,27.2,0.0,21.2
2023-05-13,26.7,0.3,19.0
2023-05-14,26.1,0.4,14.1
2023-05-15,26.3,0.9,13.7
2023-05-16,26.5,0.0,7.7
2023-05-17,27.4,22.3,13.7
2023-05-18,27.0,0.0,7.5
2023-05-19,27.3,1.5,8.1
2023-05-20,27.5,0.0,11.3
2023-05-21,27.4,0.0,9.1
2023-05-22,27.3,4.1,9.4
2023-05-23,26.2,8.3,8.8
2023-05-24,24.3,16.6,8.8
2023-05-25,23.9,22.7,6.8
2023-05-26,24.1,19.3,7.5
2023-05-27,25.3,2.3,10.1
2023-05-28,27.8,0.0,8.4
2023-05-29,26.6,0.0,12.9
2023-05-30,26.8,14.2,15.1
2023-05-31,25.8,10.5,9.6
2023-06-01,26.2,16.1,6.8
2023-06-02,25.4,13.3,5.1
2023-06-03,25.5,8.6,6.9
2023-06-04,26.2,5.3,11.8
2023-06-05,26.4,1.4,15.4
2023-06-06,25.6,2.8,11.1
2023-06-07,26.7,6.1,8.0
2023-06-08,26.2,1.3,12.1
2023-06-09,27.3,1.8,9.5
2023-06-10,27.1,2.0,8.7
2023-06-11,27.4,1.4,9.2
2023-06-12,26.8,7.0,12.6
2023-06-13,27.3,5.3,10.6
2023-06-14,28.5,1.5,11.0
2023-06-15,29.5,0.0,9.1
2023-06-16,30.3,0.1,13.6
2023-06-17,27.8,9.8,11.6
2023-06-18,27.0,22.8,14.2
2023-06-19,26.7,9.6,12.5
2023-06-20,26.6,2.9,12.8
2023-06-21,27.0,0.0,9.6
2023-06-22,27.8,1.6,10.2
2023-06-23,29.1,0.0,8.5
2023-06-24,27.9,14.5,9.0
2023-06-25,25.9,13.4,4.3
2023-06-26,27.0,10.8,5.3
2023-06-27,29.0,0.0,7.1
2023-06-28,29.6,0.5,10.9
2023-06-29,27.6,4.6,8.8
2023-06-30,27.4,12.1,4.8
2023-07-01,28.0,7.6,7.9
2023-07-02,27.9,35.8,5.9
2023-07-03,28.6,13.8,4.4
2023-07-04,29.4,0.0,8.3
2023-07-05,29.7,0.0,7.9
2023-07-06,29.0,5.7,8.2
2023-07-07,28.0,6.0,7.6
2023-07-08,28.1,2.6,9.3
2023-07-09,29.3,0.0,6.5
2023-07-10,30.0,0.0,9.3
2023-07-11,30.5,0.0,9.1
2023-07-12,30.9,0.0,8.7
2023-07-13,30.3,3.2,7.5
2023-07-14,28.5,3.9,7.0
2023-07-15,28.1,6.5,7.9
2023-07-16,29.1,6.2,6.4
2023-07-17,27.4,6.9,6.0
2023-07-18,28.8,6.7,6.9
2023-07-19,29.3,5.7,12.0
2023-07-20,30.4,5.3,9.8
2023-07-21,29.2,6.2,5.6
2023-07-22,29.7,0.4,7.4
2023-07-23,31.1,0.0,10.4
2023-07-24,30.6,0.0,6.9
2023-07-25,30.3,0.0,10.1
2023-07-26,28.4,1.5,12.0
2023-07-27,26.0,12.2,10.6
2023-07-28,27.1,5.5,6.3
2023-07-29,29.3,0.3,8.3
2023-07-30,30.0,0.2,9.3
2023-07-31,30.1,19.3,9.1
2023-08-01,27.5,7.1,4.9
2023-08-02,27.9,10.0,6.8
2023-08-03,27.3,9.1,5.9
2023-08-04,27.6,10.1,5.8
2023-08-05,29.1,13.7,5.9
2023-08-06,29.7,3.8,6.2
2023-08-07,30.3,0.0,7.9
2023-08-08,30.0,6.1,9.6
2023-08-09,28.9,5.0,7.0
2023-08-10,28.8,8.6,5.9
2023-08-11,29.5,2.6,7.2
2023-08-12,30.2,0.0,10.2
2023-08-13,29.2,2.5,10.5
2023-08-14,30.2,0.3,10.1
2023-08-15,29.6,3.2,11.0
2023-08-16,28.9,11.2,10.3
2023-08-17,27.3,1.1,7.3
2023-08-18,27.2,6.2,5.0
2023-08-19,27.7,15.9,12.1
2023-08-20,26.9,14.8,10.3
2023-08-21,29.2,2.5,18.7
2023-08-22,29.7,0.5,20.2
2023-08-23,28.9,3.6,14.9
2023-08-24,28.8,2.3,12.1
2023-08-25,28.5,0.3,13.8
2023-08-26,28.8,2.0,12.9
2023-08-27,28.8,2.1,11.5
2023-08-28,28.4,5.7,8.4
2023-08-29,28.7,1.0,15.8
2023-08-30,30.6,3.8,25.3
2023-08-31,29.3,17.3,13.9
2023-09-01,28.7,7.6,6.4
2023-09-02,26.9,0.6,13.3
2023-09-03,28.1,0.0,16.3
2023-09-04,28.8,0.0,16.7
2023-09-05,28.8,0.0,11.0
2023-09-06,28.1,0.0,8.3
2023-09-07,28.3,0.0,8.2
2023-09-08,28.3,0.0,8.6
2023-09-09,27.3,4.6,8.0
2023-09-10,27.4,4.6,4.6
2023-09-11,28.7,0.0,7.4
2023-09-12,29.3,2.4,11.8
2023-09-13,29.4,0.0,10.5
2023-09-14,29.0,2.1,8.2
2023-09-15,27.7,6.1,7.6
2023-09-16,28.1,9.0,6.4
2023-09-17,28.0,11.4,6.7
2023-09-18,28.4,11.7,7.6
2023-09-19,27.5,5.5,10.0
2023-09-20,26.9,11.1,9.7
2023-09-21,26.1,9.9,7.6
2023-09-22,26.5,1.3,10.3
2023-09-23,26.0,0.0,10.2
2023-09-24,27.4,4.7,8.9
2023-09-25,26.6,7.1,13.5
2023-09-26,28.3,9.3,9.6
2023-09-27,26.8,5.7,8.7
2023-09-28,27.5,7.5,6.4
2023-09-29,27.6,15.6,5.6
2023-09-30,27.1,3.5,6.7
2023-10-01,26.8,18.9,8.3
2023-10-02,25.9,10.1,17.1
2023-10-03,27.6,0.0,19.3
2023-10-04,27.2,0.0,12.8
2023-10-05,27.8,0.0,10.0
2023-10-06,27.6,0.0,5.2
2023-10-07,28.1,0.3,5.5
2023-10-08,27.3,0.0,7.5
2023-10-09,26.2,0.0,10.0
2023-10-10,27.3,0.0,7.2
2023-10-11,27.4,17.1,7.1
2023-10-12,29.9,0.0,20.0
2023-10-13,29.6,7.1,14.1
2023-10-14,28.0,5.2,10.7
2023-10-15,26.9,0.0,15.3
2023-10-16,22.5,0.0,16.4
2023-10-17,19.5,0.0,16.2
2023-10-18,21.8,0.0,14.8
2023-10-19,23.9,0.0,11.9
2023-10-20,24.7,16.7,8.2
2023-10-21,24.6,0.0,8.7
2023-10-22,25.0,0.0,7.4
2023-10-23,24.4,0.0,8.7
2023-10-24,26.2,0.0,22.9
2023-10-25,26.1,0.3,24.6
2023-10-26,26.6,0.0,25.8
2023-10-27,26.4,0.2,23.6
2023-10-28,26.4,0.3,25.1
2023-10-29,26.6,0.0,23.7
2023-10-30,26.6,0.0,13.7
2023-10-31,26.8,0.1,10.5
2023-11-01,24.4,0.0,18.5
2023-11-02,23.9,2.6,28.0
2023-11-03,25.1,0.0,28.4
2023-11-04,23.8,0.2,15.4
2023-11-05,23.6,0.0,14.8
2023-11-06,22.9,0.0,12.3
2023-11-07,24.2,0.0,11.9
2023-11-08,24.3,0.0,11.7
2023-11-09,24.1,1.4,9.6
2023-11-10,26.6,0.5,10.9
2023-11-11,27.4,0.0,13.8
2023-11-12,26.2,0.0,9.5
2023-11-13,25.2,0.4,11.8
2023-11-14,24.6,1.9,14.2
2023-11-15,23.1,46.4,30.7
2023-11-16,23.3,67.5,24.3
2023-11-17,23.9,0.0,9.6
2023-11-18,22.3,0.0,15.0
2023-11-19,22.7,0.0,11.7
2023-11-20,24.1,0.5,12.0
2023-11-21,25.2,0.0,17.5
2023-11-22,25.1,0.0,8.8
2023-11-23,24.0,0.0,10.1
2023-11-24,23.0,6.9,6.8
2023-11-25,24.2,3.3,10.1
2023-11-26,24.7,0.7,7.0
2023-11-27,23.0,0.0,11.6
2023-11-28,18.8,0.0,14.1
2023-11-29,18.1,0.0,12.5
2023-11-30,20.5,0.0,11.4
2023-12-01,24.3,0.0,9.2
2023-12-02,25.8,0.0,10.2
2023-12-03,25.7,0.0,6.5
2023-12-04,24.7,0.0,5.8
2023-12-05,22.6,0.0,10.6
2023-12-06,17.2,0.0,17.4
2023-12-07,17.7,0.0,11.6
2023-12-08,23.0,0.0,15.5
2023-12-09,24.6,0.0,16.6
2023-12-10,24.9,0.0,13.9
2023-12-11,19.1,0.3,15.4
2023-12-12,19.5,0.0,17.6
2023-12-13,22.8,30.5,27.6
2023-12-14,21.9,12.5,33.4
2023-12-15,22.4,19.7,35.1
2023-12-16,22.8,37.5,28.4
2023-12-17,23.0,40.4,24.6
2023-12-18,18.0,0.0,13.4
2023-12-19,16.3,0.0,16.0
2023-12-20,18.8,0.0,18.6
2023-12-21,21.7,0.0,21.2
2023-12-22,20.3,0.0,12.5
2023-12-23,22.2,0.0,18.2
2023-12-24,22.3,0.8,19.5
2023-12-25,23.5,16.3,20.1
2023-12-26,24.0,5.0,12.1
2023-12-27,20.8,0.0,8.3
2023-12-28,17.3,27.0,10.4
2023-12-29,17.2,0.0,9.9
2023-12-30,14.8,0.0,7.0
2023-12-31,15.1,0.0,3.3
2024-01-01,15.8,0.0,5.6
2024-01-02,15.8,0.0,9.4
2024-01-03,16.8,0.0,8.2
2024-01-04,19.3,0.0,11.9
2024-01-05,20.6,0.6,19.3
2024-01-06,23.7,22.9,17.3
2024-01-07,19.7,0.0,11.8
2024-01-08,20.5,0.0,18.5
2024-01-09,24.6,0.1,27.2
2024-01-10,19.9,2.1,8.4
2024-01-11,18.6,3.6,10.6
2024-01-12,25.2,1.5,14.7
2024-01-13,23.5,3.0,17.8
2024-01-14,19.8,2.6,14.7
2024-01-15,24.1,0.0,15.2
2024-01-16,24.5,1.5,12.1
2024-01-17,20.8,0.0,15.6
2024-01-18,23.4,0.0,11.8
2024-01-19,21.3,1.7,8.0
2024-01-20,18.9,0.0,15.7
2024-01-21,15.9,0.0,22.2
2024-01-22,20.6,0.0,26.6
2024-01-23,23.1,0.0,24.5
2024-01-24,24.4,0.0,22.2
2024-01-25,24.2,0.0,16.4
2024-01-26,24.2,0.0,13.4
2024-01-27,24.4,1.0,16.7
2024-01-28,23.2,0.0,15.9
2024-01-29,15.3,0.0,20.9
2024-01-30,16.6,0.0,10.3
2024-01-31,17.2,0.0,15.8
2024-02-01,17.4,0.0,11.4
2024-02-02,20.0,0.0,7.4
2024-02-03,19.8,0.0,8.0
2024-02-04,20.9,17.0,14.1
2024-02-05,17.1,7.2,8.7
2024-02-06,16.5,0.0,27.4
2024-02-07,18.3,0.0,19.9
2024-02-08,19.8,0.0,12.7
2024-02-09,22.6,0.0,14.8
2024-02-10,23.2,0.0,15.4
2024-02-11,24.1,1.0,17.1
2024-02-12,25.6,0.0,17.7
2024-02-13,23.6,0.9,14.2
2024-02-14,19.8,0.0,14.2
2024-02-15,21.7,0.0,11.5
2024-02-16,22.2,0.0,7.9
2024-02-17,23.7,1.3,9.1
2024-02-18,20.8,38.6,11.6
2024-02-19,17.1,2.6,21.1
2024-02-20,15.8,0.0,13.2
2024-02-21,17.0,0.0,14.4
2024-02-22,18.2,0.0,9.7
2024-02-23,20.8,0.0,13.1
2024-02-24,21.1,3.6,15.8
2024-02-25,18.1,0.0,8.7
2024-02-26,19.1,0.0,8.0
2024-02-27,20.4,0.0,9.4
2024-02-28,23.4,0.0,13.3
2024-02-29,23.4,0.0,8.5
2024-03-01,24.3,0.4,17.9
2024-03-02,24.6,0.0,13.1
2024-03-03,23.7,0.3,10.4
2024-03-04,24.0,0.0,10.5
2024-03-05,25.0,0.0,10.4
2024-03-06,24.5,14.2,8.1
2024-03-07,23.9,13.5,5.5
2024-03-08,25.6,0.0,9.3
2024-03-09,27.1,0.0,14.9
2024-03-10,26.4,0.0,14.7
2024-03-11,22.2,0.0,17.4
2024-03-12,22.1,0.0,10.1
2024-03-13,22.8,0.0,7.6
2024-03-14,23.4,0.0,9.5
2024-03-15,24.7,0.0,14.9
2024-03-16,25.1,0.0,7.2
2024-03-17,26.2,0.0,10.6
2024-03-18,27.3,0.0,15.9
2024-03-19,22.1,0.8,19.1
2024-03-20,20.3,0.0,11.6
2024-03-21,22.8,0.0,13.1
2024-03-22,22.3,46.0,16.8
2024-03-23,22.5,118.4,12.5
2024-03-24,21.8,0.3,16.8
2024-03-25,23.8,0.3,24.8
2024-03-26,24.9,0.0,19.2
2024-03-27,25.3,0.0,17.2
2024-03-28,26.4,0.0,22.1
2024-03-29,22.5,0.0,18.3
2024-03-30,22.1,0.0,9.4
2024-03-31,22.7,0.0,9.4
2024-04-01,24.2,0.0,9.7
2024-04-02,25.8,0.0,12.2
2024-04-03,28.5,0.0,22.5
2024-04-04,24.6,9.0,17.7
2024-04-05,22.4,0.0,12.6
2024-04-06,22.7,0.0,10.2
2024-04-07,22.9,0.0,13.3
2024-04-08,23.2,0.0,19.4
2024-04-09,24.9,0.0,22.8
2024-04-10,26.1,0.0,18.8
2024-04-11,28.6,0.8,24.4
2024-04-12,24.9,0.1,13.0
2024-04-13,23.2,0.0,17.6
2024-04-14,22.8,0.0,11.4
2024-04-15,23.5,0.0,12.4
2024-04-16,25.3,0.0,16.4
2024-04-17,25.7,0.0,15.7
2024-04-18,25.6,0.0,11.5
2024-04-19,26.1,0.0,9.9
2024-04-20,26.9,0.0,9.0
2024-04-21,27.6,0.0,11.6
2024-04-22,25.5,39.5,11.4
2024-04-23,23.8,0.0,18.0
2024-04-24,23.7,0.0,14.1
2024-04-25,24.4,0.0,13.5
2024-04-26,25.0,0.0,18.8
2024-04-27,25.5,1.1,26.7
2024-04-28,25.1,0.1,30.0
2024-04-29,26.1,0.0,20.4
2024-04-30,25.8,5.4,16.2
2024-05-01,26.3,4.8,14.2
2024-05-02,27.0,0.0,14.1
2024-05-03,27.0,0.0,17.2
2024-05-04,27.5,0.0,18.3
2024-05-05,27.4,0.0,19.7
2024-05-06,27.5,0.0,21.3
2024-05-07,27.5,0.0,13.7
2024-05-08,28.2,0.0,13.3
2024-05-09,28.9,0.0,20.4
2024-05-10,29.9,0.0,16.3
2024-05-11,30.0,0.0,17.9
2024-05-12,28.4,0.0,16.6
2024-05-13,28.7,1.1,18.9
2024-05-14,30.4,0.0,24.5
2024-05-15,31.8,0.0,18.0
2024-05-16,30.7,4.4,15.1
2024-05-17,30.2,1.3,12.0
2024-05-18,31.3,0.7,16.4
2024-05-19,31.7,0.0,14.6
2024-05-20,29.9,3.6,15.3
2024-05-21,28.0,0.0,9.5
2024-05-22,28.8,0.0,11.6
2024-05-23,29.2,0.0,13.1
2024-05-24,29.3,0.0,8.3
2024-05-25,30.0,0.9,10.1
2024-05-26,30.7,0.0,10.4
2024-05-27,31.2,0.0,12.0
2024-05-28,30.9,6.2,10.3
2024-05-29,30.3,2.1,11.2
2024-05-30,29.3,0.0,10.9
2024-05-31,29.5,0.0,18.8
2024-06-01,28.6,0.0,25.9
2024-06-02,28.1,6.2,23.5
2024-06-03,27.9,0.2,16.4
2024-06-04,28.1,0.0,12.8
2024-06-05,29.4,1.8,12.1
2024-06-06,30.6,0.0,9.8
2024-06-07,29.0,1.8,9.2
2024-06-08,28.4,8.4,9.5
2024-06-09,29.5,2.0,8.8
2024-06-10,30.3,3.6,15.4
2024-06-11,27.0,26.4,9.5
2024-06-12,26.1,33.0,15.1
2024-06-13,27.1,22.1,17.7
2024-06-14,27.8,56.4,10.8
2024-06-15,27.9,2.9,7.9
2024-06-16,29.7,0.0,11.5
2024-06-17,29.3,1.9,24.8
2024-06-18,29.5,0.0,26.0
2024-06-19,29.6,4.5,25.3
2024-06-20,29.3,1.7,22.3
2024-06-21,29.8,0.3,13.8
2024-06-22,28.3,7.6,12.9
2024-06-23,28.2,16.3,14.6
2024-06-24,28.4,8.1,9.5
2024-06-25,28.7,20.4,11.4
2024-06-26,28.6,6.2,10.9
2024-06-27,30.4,4.6,11.8
2024-06-28,29.6,6.8,7.9
2024-06-29,30.3,0.0,14.1
2024-06-30,28.3,12.1,11.1
2024-07-01,28.6,4.6,12.6
2024-07-02,30.4,7.8,13.6
2024-07-03,30.7,2.4,16.7
2024-07-04,30.9,0.0,14.0
2024-07-05,30.6,15.0,8.2
2024-07-06,30.5,6.1,8.5
2024-07-07,31.0,2.0,12.2
2024-07-08,31.8,0.0,13.8
2024-07-09,31.4,2.8,8.7
2024-07-10,30.5,1.5,8.6
2024-07-11,28.6,2.1,7.4
2024-07-12,29.3,16.5,10.3
2024-07-13,30.3,0.4,12.1
2024-07-14,31.6,0.0,17.9
2024-07-15,30.6,0.0,14.3
2024-07-16,31.0,0.6,13.1
2024-07-17,31.1,0.5,15.9
2024-07-18,31.4,0.0,14.1
2024-07-19,31.4,4.1,11.5
2024-07-20,31.6,2.0,17.6
2024-07-21,31.2,5.7,15.8
2024-07-22,27.9,8.7,11.1
2024-07-23,29.9,0.4,13.9
2024-07-24,31.8,2.1,21.6
2024-07-25,31.6,0.0,18.6
2024-07-26,30.9,3.4,12.0
2024-07-27,31.3,0.0,10.0
2024-07-28,31.1,0.3,9.2
2024-07-29,29.3,19.0,8.5
2024-07-30,28.9,9.1,7.4
2024-07-31,31.1,0.0,12.0
2024-08-01,31.5,1.1,14.8
2024-08-02,31.5,16.4,18.2
2024-08-03,30.3,32.6,28.3
2024-08-04,29.6,7.9,33.7
2024-08-05,31.4,3.2,26.9
2024-08-06,31.4,4.0,19.3
2024-08-07,32.0,0.0,16.1
2024-08-08,31.8,0.0,16.3
2024-08-09,30.0,8.3,11.2
2024-08-10,30.7,1.7,8.2
2024-08-11,31.2,0.0,8.6
2024-08-12,30.2,0.1,10.6
2024-08-13,29.8,0.6,13.7
2024-08-14,30.9,3.2,9.2
2024-08-15,30.0,7.0,8.5
2024-08-16,28.9,6.9,12.5
2024-08-17,29.9,22.5,17.0
2024-08-18,29.2,1.9,9.8
2024-08-19,28.9,6.2,10.8
2024-08-20,30.5,3.0,14.9
2024-08-21,29.5,11.4,8.4
2024-08-22,28.0,6.5,8.7
2024-08-23,29.1,7.4,17.2
2024-08-24,28.1,1.6,12.0
2024-08-25,28.8,6.1,11.7
2024-08-26,29.9,2.2,16.6
2024-08-27,30.8,0.3,21.2
2024-08-28,29.4,0.8,17.6
2024-08-29,27.2,63.5,12.6
2024-08-30,28.3,0.0,17.3
2024-08-31,27.2,25.1,10.1
2024-09-01,27.0,11.9,12.2
2024-09-02,28.6,6.1,12.2
2024-09-03,29.0,9.1,13.7
2024-09-04,29.6,7.4,16.8
2024-09-05,29.5,1.4,16.0
2024-09-06,30.3,0.0,14.0
2024-09-07,30.6,0.0,13.5
2024-09-08,30.5,4.8,14.8
2024-09-09,30.7,2.5,15.1
2024-09-10,27.9,5.7,7.6
2024-09-11,28.4,12.8,11.6
2024-09-12,29.0,4.2,10.1
2024-09-13,29.9,4.2,10.3
2024-09-14,29.1,7.3,8.0
2024-09-15,28.9,14.7,8.0
2024-09-16,29.0,7.5,10.1
2024-09-17,28.8,18.8,8.6
2024-09-18,28.2,52.5,6.0
2024-09-19,26.9,15.5,7.2
2024-09-20,28.3,2.0,7.3
2024-09-21,29.3,1.3,8.1
2024-09-22,29.6,0.5,10.0
2024-09-23,29.9,0.0,12.1
2024-09-24,30.3,0.0,15.8
2024-09-25,29.6,28.9,24.3
2024-09-26,30.1,9.4,32.2
2024-09-27,29.7,5.0,19.1
2024-09-28,30.0,14.5,12.8
2024-09-29,30.0,0.0,11.2
2024-09-30,30.0,0.4,9.4
2024-10-01,30.0,1.4,7.6
2024-10-02,29.8,0.0,7.4
2024-10-03,29.7,0.0,8.1
2024-10-04,29.4,5.5,11.0
2024-10-05,27.3,9.4,10.8
2024-10-06,26.9,27.2,13.9
2024-10-07,26.3,32.2,12.8
2024-10-08,26.7,8.1,8.5
2024-10-09,28.9,14.5,29.7
2024-10-10,28.0,0.0,30.7
2024-10-11,25.6,0.8,16.8
2024-10-12,26.4,11.2,17.8
2024-10-13,25.9,32.9,13.5
2024-10-14,27.4,0.0,9.2
2024-10-15,27.4,0.0,6.9
2024-10-16,27.0,0.0,15.0
2024-10-17,25.1,0.0,29.6
2024-10-18,25.8,5.6,36.1
2024-10-19,26.9,0.3,32.3
2024-10-20,26.2,0.6,19.1
2024-10-21,27.0,0.1,19.2
2024-10-22,27.8,2.6,25.4
2024-10-23,26.3,1.0,13.5
2024-10-24,26.0,0.0,13.7
2024-10-25,26.3,0.0,15.4
2024-10-26,25.6,0.0,19.4
2024-10-27,25.6,0.0,24.9
2024-10-28,26.7,0.8,26.5
2024-10-29,27.5,0.1,27.8
2024-10-30,26.9,3.7,27.9
2024-10-31,27.1,0.0,30.9
2024-11-01,27.6,0.8,23.2
2024-11-02,26.8,1.6,19.4
2024-11-03,26.6,1.5,22.8
2024-11-04,27.5,0.8,27.8
2024-11-05,27.8,11.8,32.5
2024-11-06,28.5,3.8,29.4
2024-11-07,28.3,1.5,29.4
2024-11-08,26.9,0.0,20.3
2024-11-09,25.8,0.0,21.9
2024-11-10,26.1,0.1,24.7
2024-11-11,25.4,0.4,11.4
2024-11-12,26.1,0.1,17.8
2024-11-13,26.7,0.0,29.3
2024-11-14,26.1,0.0,16.1
2024-11-15,24.8,0.0,11.8
2024-11-16,23.6,0.0,15.1
2024-11-17,25.7,0.0,14.6
2024-11-18,26.2,0.0,14.3
2024-11-19,26.3,0.0,11.4
2024-11-20,26.1,1.2,13.3
2024-11-21,23.3,16.8,18.9
2024-11-22,17.8,0.0,17.7
2024-11-23,17.1,0.0,8.6
2024-11-24,19.3,0.0,8.4
2024-11-25,21.8,0.0,12.3
2024-11-26,23.3,0.0,8.9
2024-11-27,22.6,0.0,8.6
2024-11-28,23.4,0.0,6.3
2024-11-29,24.8,0.0,9.4
2024-11-30,21.8,0.0,17.0
2024-12-01,20.8,0.0,18.4
2024-12-02,18.3,0.0,20.7
2024-12-03,17.3,0.0,16.4
2024-12-04,17.9,0.0,14.6
2024-12-05,20.5,0.0,6.0
2024-12-06,20.9,0.0,7.8
2024-12-07,20.3,0.0,17.8
2024-12-08,21.0,0.0,18.1
2024-12-09,23.0,0.0,15.7
2024-12-10,23.5,0.0,17.3
2024-12-11,24.9,0.0,17.3
2024-12-12,19.5,0.0,25.7
2024-12-13,23.7,0.0,27.3
2024-12-14,24.7,1.4,28.3
2024-12-15,25.0,0.6,32.3
2024-12-16,24.9,2.1,27.4
2024-12-17,25.6,4.6,18.6
2024-12-18,25.9,2.6,10.9
2024-12-19,24.7,0.0,8.3
2024-12-20,22.0,0.0,12.6
2024-12-21,16.6,0.0,14.5
2024-12-22,18.6,0.0,13.4
